id,name,default_code,list_price,standard_price,type,sale_ok,purchase_ok,active,available_in_pos,to_weight,is_published,website_sequence,categ_id,supplier_id,product_tag_ids,public_categ_ids,pos_categ_ids,taxes_id,supplier_taxes_id,description_sale,description_purchase
product_template_01951,FRIGORÍFICO PUERTA FRANCESA BOLERO COOLMARKET FD 436 INOX E,01951,869.0,521.66,product,True,True,True,True,False,True,10,All/Saleable/Electrodomésticos,res_partner_cecotec,tag_cecotec,Electrodomésticos/CECOTEC,Electrodomésticos,account_tax_sale_21,account_tax_purchase_21,Producto FRIGORÍFICO PUERTA FRANCESA BOLERO COOLMARKET FD 436 INOX E para venta,Producto FRIGORÍFICO PUERTA FRANCESA BOLERO COOLMARKET FD 436 INOX E para compra
product_template_02437,AMERICANO BOLERO COOL MARKET SBS 430 BLANCO,02437,589.0,371.5,product,True,True,True,True,False,True,10,All/Saleable/Electrodomésticos,res_partner_cecotec,tag_cecotec,Electrodomésticos/CECOTEC,Electrodomésticos,account_tax_sale_21,account_tax_purchase_21,Producto AMERICANO BOLERO COOL MARKET SBS 430 BLANCO para venta,Producto AMERICANO BOLERO COOL MARKET SBS 430 BLANCO para compra
product_template_08380,ASPIRADOR CONGA ROCKSTAR MICRO ESSENTIAL,08380,55.0,41.98,product,True,True,True,True,False,True,10,All/Saleable/Electrodomésticos,res_partner_cecotec,tag_cecotec,Electrodomésticos/CECOTEC,Electrodomésticos,account_tax_sale_21,account_tax_purchase_21,Producto ASPIRADOR CONGA ROCKSTAR MICRO ESSENTIAL para venta,Producto ASPIRADOR CONGA ROCKSTAR MICRO ESSENTIAL para compra
product_template_08058,ASPIRADOR LIMPIACRISTALES,08058,35.0,27.63,product,True,True,True,True,False,True,10,All/Saleable/Electrodomésticos,res_partner_cecotec,tag_cecotec,Electrodomésticos/CECOTEC,Electrodomésticos,account_tax_sale_21,account_tax_purchase_21,Producto ASPIRADOR LIMPIACRISTALES para venta,Producto ASPIRADOR LIMPIACRISTALES para compra
product_template_04236,BASCULA DE COCINA DIGITAL COOK CONTROL,04236,19.0,12.61,product,True,True,True,True,False,True,10,All/Saleable/Electrodomésticos,res_partner_cecotec,tag_cecotec,Electrodomésticos/CECOTEC,Electrodomésticos,account_tax_sale_21,account_tax_purchase_21,Producto BASCULA DE COCINA DIGITAL COOK CONTROL para venta,Producto BASCULA DE COCINA DIGITAL COOK CONTROL para compra
product_template_04265,SURFACE PRECISION 10600 SMART HEALTHY PRO DARK GREY,04265,40.0,33.53,product,True,True,True,True,False,True,10,All/Saleable/Electrodomésticos,res_partner_cecotec,tag_cecotec,Electrodomésticos/CECOTEC,Electrodomésticos,account_tax_sale_21,account_tax_purchase_21,Producto SURFACE PRECISION 10600 SMART HEALTHY PRO DARK GREY para venta,Producto SURFACE PRECISION 10600 SMART HEALTHY PRO DARK GREY para compra
product_template_03938,BATIDORA MANO POWER retro azul 1200w,03938,30.0,18.26,product,True,True,True,True,False,True,10,All/Saleable/Electrodomésticos,res_partner_cecotec,tag_cecotec,Electrodomésticos/CECOTEC,Electrodomésticos,account_tax_sale_21,account_tax_purchase_21,Producto BATIDORA MANO POWER retro azul 1200w para venta,Producto BATIDORA MANO POWER retro azul 1200w para compra
product_template_03939,BATIDORA MANO POWER retro rojo 1200w,03939,30.0,18.26,product,True,True,True,True,False,True,10,All/Saleable/Electrodomésticos,res_partner_cecotec,tag_cecotec,Electrodomésticos/CECOTEC,Electrodomésticos,account_tax_sale_21,account_tax_purchase_21,Producto BATIDORA MANO POWER retro rojo 1200w para venta,Producto BATIDORA MANO POWER retro rojo 1200w para compra
product_template_03945,BATIDORA MANO POWER retro verde 1200w,03945,30.0,18.26,product,True,True,True,True,False,True,10,All/Saleable/Electrodomésticos,res_partner_cecotec,tag_cecotec,Electrodomésticos/CECOTEC,Electrodomésticos,account_tax_sale_21,account_tax_purchase_21,Producto BATIDORA MANO POWER retro verde 1200w para venta,Producto BATIDORA MANO POWER retro verde 1200w para compra
product_template_03909,BATIDORA MANO POWER PULSAR 2300W,03909,39.0,24.08,product,True,True,True,True,False,True,10,All/Saleable/Electrodomésticos,res_partner_cecotec,tag_cecotec,Electrodomésticos/CECOTEC,Electrodomésticos,account_tax_sale_21,account_tax_purchase_21,Producto BATIDORA MANO POWER PULSAR 2300W para venta,Producto BATIDORA MANO POWER PULSAR 2300W para compra
product_template_03965,BATIDORA MANO KATANA 12 JAR G,03965,45.0,25.67,product,True,True,True,True,False,True,10,All/Saleable/Electrodomésticos,res_partner_cecotec,tag_cecotec,Electrodomésticos/CECOTEC,Electrodomésticos,account_tax_sale_21,account_tax_purchase_21,Producto BATIDORA MANO KATANA 12 JAR G para venta,Producto BATIDORA MANO KATANA 12 JAR G para compra
product_template_03975,BATIDORA MANO KATANA 1500W CHOP,03975,55.0,36.49,product,True,True,True,True,False,True,10,All/Saleable/Electrodomésticos,res_partner_cecotec,tag_cecotec,Electrodomésticos/CECOTEC,Electrodomésticos,account_tax_sale_21,account_tax_purchase_21,Producto BATIDORA MANO KATANA 1500W CHOP para venta,Producto BATIDORA MANO KATANA 1500W CHOP para compra
product_template_03883,BATIDORA VASO POWER BLACK TITANIUM - RETRO AZUL,03883,45.0,24.87,product,True,True,True,True,False,True,10,All/Saleable/Electrodomésticos,res_partner_cecotec,tag_cecotec,Electrodomésticos/CECOTEC,Electrodomésticos,account_tax_sale_21,account_tax_purchase_21,Producto BATIDORA VASO POWER BLACK TITANIUM - RETRO AZUL para venta,Producto BATIDORA VASO POWER BLACK TITANIUM - RETRO AZUL para compra
product_template_03935,BATIDORA VASO RETRO ROJO,03935,35.0,18.63,product,True,True,True,True,False,True,10,All/Saleable/Electrodomésticos,res_partner_cecotec,tag_cecotec,Electrodomésticos/CECOTEC,Electrodomésticos,account_tax_sale_21,account_tax_purchase_21,Producto BATIDORA VASO RETRO ROJO para venta,Producto BATIDORA VASO RETRO ROJO para compra
product_template_03987,BATIDORA VASO POWER TITANIUM 500 EASYGO,03987,30.0,18.63,product,True,True,True,True,False,True,10,All/Saleable/Electrodomésticos,res_partner_cecotec,tag_cecotec,Electrodomésticos/CECOTEC,Electrodomésticos,account_tax_sale_21,account_tax_purchase_21,Producto BATIDORA VASO POWER TITANIUM 500 EASYGO para venta,Producto BATIDORA VASO POWER TITANIUM 500 EASYGO para compra
product_template_04310,BATIDORA VASO 2500W - BOTELLA REGALO,04310,79.0,49.79,product,True,True,True,True,False,True,10,All/Saleable/Electrodomésticos,res_partner_cecotec,tag_cecotec,Electrodomésticos/CECOTEC,Electrodomésticos,account_tax_sale_21,account_tax_purchase_21,Producto BATIDORA VASO 2500W - BOTELLA REGALO para venta,Producto BATIDORA VASO 2500W - BOTELLA REGALO para compra
product_template_01621,CAFETERA ITALIANA INDUCCION 4T,01621,35.0,22.84,product,True,True,True,True,False,True,10,All/Saleable/Electrodomésticos,res_partner_cecotec,tag_cecotec,Electrodomésticos/CECOTEC,Electrodomésticos,account_tax_sale_21,account_tax_purchase_21,Producto CAFETERA ITALIANA INDUCCION 4T para venta,Producto CAFETERA ITALIANA INDUCCION 4T para compra
product_template_01669,CAFETERA ITALIANA ALUMINIO 12TAZAS -,01669,18.0,11.46,product,True,True,True,True,False,True,10,All/Saleable/Electrodomésticos,res_partner_cecotec,tag_cecotec,Electrodomésticos/CECOTEC,Electrodomésticos,account_tax_sale_21,account_tax_purchase_21,Producto CAFETERA ITALIANA ALUMINIO 12TAZAS - para venta,Producto CAFETERA ITALIANA ALUMINIO 12TAZAS - para compra
product_template_00274,CAFETERA 66 DROP&THERMO TIME,00274,40.0,27.22,product,True,True,True,True,False,True,10,All/Saleable/Electrodomésticos,res_partner_cecotec,tag_cecotec,Electrodomésticos/CECOTEC,Electrodomésticos,account_tax_sale_21,account_tax_purchase_21,Producto CAFETERA 66 DROP&THERMO TIME para venta,Producto CAFETERA 66 DROP&THERMO TIME para compra
product_template_01595,CAFETERA EXPRESSO CUMBIA CAPRICCIOSA BLANCA,01595,69.0,52.49,product,True,True,True,True,False,True,10,All/Saleable/Electrodomésticos,res_partner_cecotec,tag_cecotec,Electrodomésticos/CECOTEC,Electrodomésticos,account_tax_sale_21,account_tax_purchase_21,Producto CAFETERA EXPRESSO CUMBIA CAPRICCIOSA BLANCA para venta,Producto CAFETERA EXPRESSO CUMBIA CAPRICCIOSA BLANCA para compra
product_template_01723,CAFETERA POWER EXPRESSO 20 RETRO VERDE,01723,89.0,57.54,product,True,True,True,True,False,True,10,All/Saleable/Electrodomésticos,res_partner_cecotec,tag_cecotec,Electrodomésticos/CECOTEC,Electrodomésticos,account_tax_sale_21,account_tax_purchase_21,Producto CAFETERA POWER EXPRESSO 20 RETRO VERDE para venta,Producto CAFETERA POWER EXPRESSO 20 RETRO VERDE para compra
product_template_01585,CAFETERA EXPRESSO VINTAGE BEIGE,01585,99.0,53.86,product,True,True,True,True,False,True,10,All/Saleable/Electrodomésticos,res_partner_cecotec,tag_cecotec,Electrodomésticos/CECOTEC,Electrodomésticos,account_tax_sale_21,account_tax_purchase_21,Producto CAFETERA EXPRESSO VINTAGE BEIGE para venta,Producto CAFETERA EXPRESSO VINTAGE BEIGE para compra
product_template_01651,CAFETERA EXPRESSO CAFELIZZIA 790 NEGRO,01651,89.0,57.04,product,True,True,True,True,False,True,10,All/Saleable/Electrodomésticos,res_partner_cecotec,tag_cecotec,Electrodomésticos/CECOTEC,Electrodomésticos,account_tax_sale_21,account_tax_purchase_21,Producto CAFETERA EXPRESSO CAFELIZZIA 790 NEGRO para venta,Producto CAFETERA EXPRESSO CAFELIZZIA 790 NEGRO para compra
product_template_01727,CAFETERA VINTAGE ROJO,01727,90.0,62.93,product,True,True,True,True,False,True,10,All/Saleable/Electrodomésticos,res_partner_cecotec,tag_cecotec,Electrodomésticos/CECOTEC,Electrodomésticos,account_tax_sale_21,account_tax_purchase_21,Producto CAFETERA VINTAGE ROJO para venta,Producto CAFETERA VINTAGE ROJO para compra
product_template_01629,CAFETERA VINTAGE AMARILLA,01629,99.0,65.38,product,True,True,True,True,False,True,10,All/Saleable/Electrodomésticos,res_partner_cecotec,tag_cecotec,Electrodomésticos/CECOTEC,Electrodomésticos,account_tax_sale_21,account_tax_purchase_21,Producto CAFETERA VINTAGE AMARILLA para venta,Producto CAFETERA VINTAGE AMARILLA para compra
product_template_01557,CAFETERA SEMIAUTOMATICA POWER-INSTANT SERIE BIANCA,01557,129.0,84.43,product,True,True,True,True,False,True,10,All/Saleable/Electrodomésticos,res_partner_cecotec,tag_cecotec,Electrodomésticos/CECOTEC,Electrodomésticos,account_tax_sale_21,account_tax_purchase_21,Producto CAFETERA SEMIAUTOMATICA POWER-INSTANT SERIE BIANCA para venta,Producto CAFETERA SEMIAUTOMATICA POWER-INSTANT SERIE BIANCA para compra
product_template_08268,CHIMENEA ELÉCTRICA READYWARM 2000 FLAMES,08268,55.0,40.11,product,True,True,True,True,False,True,10,All/Saleable/Electrodomésticos,res_partner_cecotec,tag_cecotec,Electrodomésticos/CECOTEC,Electrodomésticos,account_tax_sale_21,account_tax_purchase_21,Producto CHIMENEA ELÉCTRICA READYWARM 2000 FLAMES para venta,Producto CHIMENEA ELÉCTRICA READYWARM 2000 FLAMES para compra
product_template_04334,DEPILADORA BAMBA SKINCARE DEPIL-ACTION,04334,25.0,13.56,product,True,True,True,True,False,True,10,All/Saleable/Electrodomésticos,res_partner_cecotec,tag_cecotec,Electrodomésticos/CECOTEC,Electrodomésticos,account_tax_sale_21,account_tax_purchase_21,Producto DEPILADORA BAMBA SKINCARE DEPIL-ACTION para venta,Producto DEPILADORA BAMBA SKINCARE DEPIL-ACTION para compra
product_template_04443,AFEITADORA DE CABEZA,04443,29.0,16.63,product,True,True,True,True,False,True,10,All/Saleable/Electrodomésticos,res_partner_cecotec,tag_cecotec,Electrodomésticos/CECOTEC,Electrodomésticos,account_tax_sale_21,account_tax_purchase_21,Producto AFEITADORA DE CABEZA para venta,Producto AFEITADORA DE CABEZA para compra
product_template_04194,MULTIGROMING 10EN1 - TWISTGROOM CORTAPELOS,04194,45.0,27.93,product,True,True,True,True,False,True,10,All/Saleable/Electrodomésticos,res_partner_cecotec,tag_cecotec,Electrodomésticos/CECOTEC,Electrodomésticos,account_tax_sale_21,account_tax_purchase_21,Producto MULTIGROMING 10EN1 - TWISTGROOM CORTAPELOS para venta,Producto MULTIGROMING 10EN1 - TWISTGROOM CORTAPELOS para compra
product_template_03351,EXPRIMIDOR ZITRA STEEL,03351,19.0,11.05,product,True,True,True,True,False,True,10,All/Saleable/Electrodomésticos,res_partner_cecotec,tag_cecotec,Electrodomésticos/CECOTEC,Electrodomésticos,account_tax_sale_21,account_tax_purchase_21,Producto EXPRIMIDOR ZITRA STEEL para venta,Producto EXPRIMIDOR ZITRA STEEL para compra
product_template_03899,EXPRIMIDOR BRAZO ROJO XQUEEZE RETROJUICE 600,03899,35.0,22.89,product,True,True,True,True,False,True,10,All/Saleable/Electrodomésticos,res_partner_cecotec,tag_cecotec,Electrodomésticos/CECOTEC,Electrodomésticos,account_tax_sale_21,account_tax_purchase_21,Producto EXPRIMIDOR BRAZO ROJO XQUEEZE RETROJUICE 600 para venta,Producto EXPRIMIDOR BRAZO ROJO XQUEEZE RETROJUICE 600 para compra
product_template_03892,EXPRIMIDOR ESSENTIAL HYDEN 120,03892,30.0,16.63,product,True,True,True,True,False,True,10,All/Saleable/Electrodomésticos,res_partner_cecotec,tag_cecotec,Electrodomésticos/CECOTEC,Electrodomésticos,account_tax_sale_21,account_tax_purchase_21,Producto EXPRIMIDOR ESSENTIAL HYDEN 120 para venta,Producto EXPRIMIDOR ESSENTIAL HYDEN 120 para compra
product_template_03951,EXPRIMIDOR TOWERADJUST EASY STEEL,03951,35.0,20.8,product,True,True,True,True,False,True,10,All/Saleable/Electrodomésticos,res_partner_cecotec,tag_cecotec,Electrodomésticos/CECOTEC,Electrodomésticos,account_tax_sale_21,account_tax_purchase_21,Producto EXPRIMIDOR TOWERADJUST EASY STEEL para venta,Producto EXPRIMIDOR TOWERADJUST EASY STEEL para compra
product_template_03291,"150 PIEZAS DE PAPEL FREIDORA AIRE DE 5 A 6,5L",03291,8.0,5.22,product,True,True,True,True,False,True,10,All/Saleable/Electrodomésticos,res_partner_cecotec,tag_cecotec,Electrodomésticos/CECOTEC,Electrodomésticos,account_tax_sale_21,account_tax_purchase_21,"Producto 150 PIEZAS DE PAPEL FREIDORA AIRE DE 5 A 6,5L para venta","Producto 150 PIEZAS DE PAPEL FREIDORA AIRE DE 5 A 6,5L para compra"
product_template_03341,ACCESORIOS FREIDORA AIRE,03341,8.0,3.82,product,True,True,True,True,False,True,10,All/Saleable/Electrodomésticos,res_partner_cecotec,tag_cecotec,Electrodomésticos/CECOTEC,Electrodomésticos,account_tax_sale_21,account_tax_purchase_21,Producto ACCESORIOS FREIDORA AIRE para venta,Producto ACCESORIOS FREIDORA AIRE para compra
product_template_04965,"FREIDORA AIRE - CECOFRY FANTASTIK VENTANA - 5,5L",04965,85.0,51.21,product,True,True,True,True,False,True,10,All/Saleable/Electrodomésticos,res_partner_cecotec,tag_cecotec,Electrodomésticos/CECOTEC,Electrodomésticos,account_tax_sale_21,account_tax_purchase_21,"Producto FREIDORA AIRE - CECOFRY FANTASTIK VENTANA - 5,5L para venta","Producto FREIDORA AIRE - CECOFRY FANTASTIK VENTANA - 5,5L para compra"
product_template_03292,FREIDORA AIRE - CECOFRY DUOHEAT 6L,03292,99.0,59.44,product,True,True,True,True,False,True,10,All/Saleable/Electrodomésticos,res_partner_cecotec,tag_cecotec,Electrodomésticos/CECOTEC,Electrodomésticos,account_tax_sale_21,account_tax_purchase_21,Producto FREIDORA AIRE - CECOFRY DUOHEAT 6L para venta,Producto FREIDORA AIRE - CECOFRY DUOHEAT 6L para compra
product_template_02157,FRIGORÍFICO BOLERO 1 PUERTA 85CM NEGRO (114L),02157,189.0,110.34,product,True,True,True,True,False,True,10,All/Saleable/Electrodomésticos,res_partner_cecotec,tag_cecotec,Electrodomésticos/CECOTEC,Electrodomésticos,account_tax_sale_21,account_tax_purchase_21,Producto FRIGORÍFICO BOLERO 1 PUERTA 85CM NEGRO (114L) para venta,Producto FRIGORÍFICO BOLERO 1 PUERTA 85CM NEGRO (114L) para compra
product_template_02674,FRIGORÍFICO BOLERO 1 PUERTA 85CM INOX,02674,219.0,126.55,product,True,True,True,True,False,True,10,All/Saleable/Electrodomésticos,res_partner_cecotec,tag_cecotec,Electrodomésticos/CECOTEC,Electrodomésticos,account_tax_sale_21,account_tax_purchase_21,Producto FRIGORÍFICO BOLERO 1 PUERTA 85CM INOX para venta,Producto FRIGORÍFICO BOLERO 1 PUERTA 85CM INOX para compra
product_template_01899,FRIGORÍFICO BOLERO 2P. ORIGEN 86 - GREEN E,01899,229.0,146.27,product,True,True,True,True,False,True,10,All/Saleable/Electrodomésticos,res_partner_cecotec,tag_cecotec,Electrodomésticos/CECOTEC,Electrodomésticos,account_tax_sale_21,account_tax_purchase_21,Producto FRIGORÍFICO BOLERO 2P. ORIGEN 86 - GREEN E para venta,Producto FRIGORÍFICO BOLERO 2P. ORIGEN 86 - GREEN E para compra
product_template_08022,CREPERA FUN CREPELICIOUS,08022,29.0,16.76,product,True,True,True,True,False,True,10,All/Saleable/Electrodomésticos,res_partner_cecotec,tag_cecotec,Electrodomésticos/CECOTEC,Electrodomésticos,account_tax_sale_21,account_tax_purchase_21,Producto CREPERA FUN CREPELICIOUS para venta,Producto CREPERA FUN CREPELICIOUS para compra
product_template_08018,FONDUE ELECTRICA CHOCOLATE,08018,40.0,24.87,product,True,True,True,True,False,True,10,All/Saleable/Electrodomésticos,res_partner_cecotec,tag_cecotec,Electrodomésticos/CECOTEC,Electrodomésticos,account_tax_sale_21,account_tax_purchase_21,Producto FONDUE ELECTRICA CHOCOLATE para venta,Producto FONDUE ELECTRICA CHOCOLATE para compra
product_template_03200,GOFRERA - SANDWICHERA ROCK TOAST FAMILY,03200,35.0,22.07,product,True,True,True,True,False,True,10,All/Saleable/Electrodomésticos,res_partner_cecotec,tag_cecotec,Electrodomésticos/CECOTEC,Electrodomésticos,account_tax_sale_21,account_tax_purchase_21,Producto GOFRERA - SANDWICHERA ROCK TOAST FAMILY para venta,Producto GOFRERA - SANDWICHERA ROCK TOAST FAMILY para compra
product_template_03261,PALOMITERO FUN&TASTEP´CORN,03261,25.0,14.27,product,True,True,True,True,False,True,10,All/Saleable/Electrodomésticos,res_partner_cecotec,tag_cecotec,Electrodomésticos/CECOTEC,Electrodomésticos,account_tax_sale_21,account_tax_purchase_21,Producto PALOMITERO FUN&TASTEP´CORN para venta,Producto PALOMITERO FUN&TASTEP´CORN para compra
product_template_04861,PALOMITERO FUN&TASTEP´CORN lotus,04861,35.0,18.91,product,True,True,True,True,False,True,10,All/Saleable/Electrodomésticos,res_partner_cecotec,tag_cecotec,Electrodomésticos/CECOTEC,Electrodomésticos,account_tax_sale_21,account_tax_purchase_21,Producto PALOMITERO FUN&TASTEP´CORN lotus para venta,Producto PALOMITERO FUN&TASTEP´CORN lotus para compra
product_template_70020,PISTOLA SILICONA,70020,25.0,13.63,product,True,True,True,True,False,True,10,All/Saleable/Electrodomésticos,res_partner_cecotec,tag_cecotec,Electrodomésticos/CECOTEC,Electrodomésticos,account_tax_sale_21,account_tax_purchase_21,Producto PISTOLA SILICONA para venta,Producto PISTOLA SILICONA para compra
product_template_02685,FRIGORÍFICO BOLERO HABANA NEGRO 4L,02685,45.0,27.28,product,True,True,True,True,False,True,10,All/Saleable/Electrodomésticos,res_partner_cecotec,tag_cecotec,Electrodomésticos/CECOTEC,Electrodomésticos,account_tax_sale_21,account_tax_purchase_21,Producto FRIGORÍFICO BOLERO HABANA NEGRO 4L para venta,Producto FRIGORÍFICO BOLERO HABANA NEGRO 4L para compra
product_template_02689,FRIGORÍFICO BOLERO HABANA NEGRO 4L,02689,45.0,27.28,product,True,True,True,True,False,True,10,All/Saleable/Electrodomésticos,res_partner_cecotec,tag_cecotec,Electrodomésticos/CECOTEC,Electrodomésticos,account_tax_sale_21,account_tax_purchase_21,Producto FRIGORÍFICO BOLERO HABANA NEGRO 4L para venta,Producto FRIGORÍFICO BOLERO HABANA NEGRO 4L para compra
product_template_02695,FRIGORÍFICO BAMBA BLANCO 6L,02695,55.0,38.09,product,True,True,True,True,False,True,10,All/Saleable/Electrodomésticos,res_partner_cecotec,tag_cecotec,Electrodomésticos/CECOTEC,Electrodomésticos,account_tax_sale_21,account_tax_purchase_21,Producto FRIGORÍFICO BAMBA BLANCO 6L para venta,Producto FRIGORÍFICO BAMBA BLANCO 6L para compra
product_template_04441,FRIGORÍFICO BAMBA ESPEJO 6L,04441,55.0,34.1,product,True,True,True,True,False,True,10,All/Saleable/Electrodomésticos,res_partner_cecotec,tag_cecotec,Electrodomésticos/CECOTEC,Electrodomésticos,account_tax_sale_21,account_tax_purchase_21,Producto FRIGORÍFICO BAMBA ESPEJO 6L para venta,Producto FRIGORÍFICO BAMBA ESPEJO 6L para compra
product_template_02774,"LAVAVAJILLAS BOLERO AGUAZERO 6200 NEGRO ""D""",02774,339.0,198.31,product,True,True,True,True,False,True,10,All/Saleable/Electrodomésticos,res_partner_cecotec,tag_cecotec,Electrodomésticos/CECOTEC,Electrodomésticos,account_tax_sale_21,account_tax_purchase_21,"Producto LAVAVAJILLAS BOLERO AGUAZERO 6200 NEGRO ""D"" para venta","Producto LAVAVAJILLAS BOLERO AGUAZERO 6200 NEGRO ""D"" para compra"
product_template_01704,"MICROONDAS 20L 3010 PROCLEAN, RETRO CREMA",01704,65.0,40.0,product,True,True,True,True,False,True,10,All/Saleable/Electrodomésticos,res_partner_cecotec,tag_cecotec,Electrodomésticos/CECOTEC,Electrodomésticos,account_tax_sale_21,account_tax_purchase_21,"Producto MICROONDAS 20L 3010 PROCLEAN, RETRO CREMA para venta","Producto MICROONDAS 20L 3010 PROCLEAN, RETRO CREMA para compra"
product_template_01706,"MICROONDAS 20L GRILL, 3110, RETRO AZUL",01706,65.0,43.34,product,True,True,True,True,False,True,10,All/Saleable/Electrodomésticos,res_partner_cecotec,tag_cecotec,Electrodomésticos/CECOTEC,Electrodomésticos,account_tax_sale_21,account_tax_purchase_21,"Producto MICROONDAS 20L GRILL, 3110, RETRO AZUL para venta","Producto MICROONDAS 20L GRILL, 3110, RETRO AZUL para compra"
product_template_01711,"MICROONDAS 20L GRILL, 5110, digital RETRO AZUL",01711,75.0,43.34,product,True,True,True,True,False,True,10,All/Saleable/Electrodomésticos,res_partner_cecotec,tag_cecotec,Electrodomésticos/CECOTEC,Electrodomésticos,account_tax_sale_21,account_tax_purchase_21,"Producto MICROONDAS 20L GRILL, 5110, digital RETRO AZUL para venta","Producto MICROONDAS 20L GRILL, 5110, digital RETRO AZUL para compra"
product_template_01713,"MICROONDAS 20L GRILL, PROCLEAN, RETRO AMARILLO",01713,75.0,44.0,product,True,True,True,True,False,True,10,All/Saleable/Electrodomésticos,res_partner_cecotec,tag_cecotec,Electrodomésticos/CECOTEC,Electrodomésticos,account_tax_sale_21,account_tax_purchase_21,"Producto MICROONDAS 20L GRILL, PROCLEAN, RETRO AMARILLO para venta","Producto MICROONDAS 20L GRILL, PROCLEAN, RETRO AMARILLO para compra"
product_template_01713,"MICROONDAS 20L GRILL, PROCLEAN, RETRO AMARILLO",01713,75.0,0.0,product,True,True,True,True,False,True,10,All/Saleable/Electrodomésticos,res_partner_cecotec,tag_cecotec,Electrodomésticos/CECOTEC,Electrodomésticos,account_tax_sale_21,account_tax_purchase_21,"Producto MICROONDAS 20L GRILL, PROCLEAN, RETRO AMARILLO para venta","Producto MICROONDAS 20L GRILL, PROCLEAN, RETRO AMARILLO para compra"
product_template_A01_EU01_100518,MICROONDAS 20L PROCLEAN 3120 - INOX ESPEJO SIN PLATO,A01_EU01_100518,85.0,53.36,product,True,True,True,True,False,True,10,All/Saleable/Electrodomésticos,res_partner_cecotec,tag_cecotec,Electrodomésticos/CECOTEC,Electrodomésticos,account_tax_sale_21,account_tax_purchase_21,Producto MICROONDAS 20L PROCLEAN 3120 - INOX ESPEJO SIN PLATO para venta,Producto MICROONDAS 20L PROCLEAN 3120 - INOX ESPEJO SIN PLATO para compra
product_template_01399,MICROONDAS SIN PLATO GRANDHEAT 2010 FLATBED STEEL,01399,89.0,60.04,product,True,True,True,True,False,True,10,All/Saleable/Electrodomésticos,res_partner_cecotec,tag_cecotec,Electrodomésticos/CECOTEC,Electrodomésticos,account_tax_sale_21,account_tax_purchase_21,Producto MICROONDAS SIN PLATO GRANDHEAT 2010 FLATBED STEEL para venta,Producto MICROONDAS SIN PLATO GRANDHEAT 2010 FLATBED STEEL para compra
product_template_01405,MICROONDAS 25L SIN PLATO GRANDHEAT 2500-NEGRO,01405,119.0,74.17,product,True,True,True,True,False,True,10,All/Saleable/Electrodomésticos,res_partner_cecotec,tag_cecotec,Electrodomésticos/CECOTEC,Electrodomésticos,account_tax_sale_21,account_tax_purchase_21,Producto MICROONDAS 25L SIN PLATO GRANDHEAT 2500-NEGRO para venta,Producto MICROONDAS 25L SIN PLATO GRANDHEAT 2500-NEGRO para compra
product_template_01359,MICROONDAS 23L SIN PLATO GRANDHEAT 2300 - BLANCO,01359,109.0,67.43,product,True,True,True,True,False,True,10,All/Saleable/Electrodomésticos,res_partner_cecotec,tag_cecotec,Electrodomésticos/CECOTEC,Electrodomésticos,account_tax_sale_21,account_tax_purchase_21,Producto MICROONDAS 23L SIN PLATO GRANDHEAT 2300 - BLANCO para venta,Producto MICROONDAS 23L SIN PLATO GRANDHEAT 2300 - BLANCO para compra
product_template_01537,Microondas digital de 23 litros - PROCLEAN 6110,01537,109.0,56.7,product,True,True,True,True,False,True,10,All/Saleable/Electrodomésticos,res_partner_cecotec,tag_cecotec,Electrodomésticos/CECOTEC,Electrodomésticos,account_tax_sale_21,account_tax_purchase_21,Producto Microondas digital de 23 litros - PROCLEAN 6110 para venta,Producto Microondas digital de 23 litros - PROCLEAN 6110 para compra
product_template_A01_EU01_100513,MICROONDAS 20L PROCLEAN 3030 - NEGRO SIN PLATO,A01_EU01_100513,79.0,49.35,product,True,True,True,True,False,True,10,All/Saleable/Electrodomésticos,res_partner_cecotec,tag_cecotec,Electrodomésticos/CECOTEC,Electrodomésticos,account_tax_sale_21,account_tax_purchase_21,Producto MICROONDAS 20L PROCLEAN 3030 - NEGRO SIN PLATO para venta,Producto MICROONDAS 20L PROCLEAN 3030 - NEGRO SIN PLATO para compra
product_template_A01_EU01_100516,MICROONDAS 20L PROCLEAN 3120 - BLANCO SIN PLATO,A01_EU01_100516,79.0,50.02,product,True,True,True,True,False,True,10,All/Saleable/Electrodomésticos,res_partner_cecotec,tag_cecotec,Electrodomésticos/CECOTEC,Electrodomésticos,account_tax_sale_21,account_tax_purchase_21,Producto MICROONDAS 20L PROCLEAN 3120 - BLANCO SIN PLATO para venta,Producto MICROONDAS 20L PROCLEAN 3120 - BLANCO SIN PLATO para compra
product_template_A01_EU01_101130,MICROONDAS 20L CON GRILL - 700W - AZUL,A01_EU01_101130,110.0,70.06,product,True,True,True,True,False,True,10,All/Saleable/Electrodomésticos,res_partner_cecotec,tag_cecotec,Electrodomésticos/CECOTEC,Electrodomésticos,account_tax_sale_21,account_tax_purchase_21,Producto MICROONDAS 20L CON GRILL - 700W - AZUL para venta,Producto MICROONDAS 20L CON GRILL - 700W - AZUL para compra
product_template_A01_EU01_101132,MICROONDAS 20L CON GRILL - 700W - VERDE,A01_EU01_101132,110.0,70.06,product,True,True,True,True,False,True,10,All/Saleable/Electrodomésticos,res_partner_cecotec,tag_cecotec,Electrodomésticos/CECOTEC,Electrodomésticos,account_tax_sale_21,account_tax_purchase_21,Producto MICROONDAS 20L CON GRILL - 700W - VERDE para venta,Producto MICROONDAS 20L CON GRILL - 700W - VERDE para compra
product_template_03811,HORNO SOBREMESA 10L BLANCO,03811,39.0,21.3,product,True,True,True,True,False,True,10,All/Saleable/Electrodomésticos,res_partner_cecotec,tag_cecotec,Electrodomésticos/CECOTEC,Electrodomésticos,account_tax_sale_21,account_tax_purchase_21,Producto HORNO SOBREMESA 10L BLANCO para venta,Producto HORNO SOBREMESA 10L BLANCO para compra
product_template_03812,HORNO SOBREMESA 23L BLANCO BAKE&TOAST,03812,65.0,38.34,product,True,True,True,True,False,True,10,All/Saleable/Electrodomésticos,res_partner_cecotec,tag_cecotec,Electrodomésticos/CECOTEC,Electrodomésticos,account_tax_sale_21,account_tax_purchase_21,Producto HORNO SOBREMESA 23L BLANCO BAKE&TOAST para venta,Producto HORNO SOBREMESA 23L BLANCO BAKE&TOAST para compra
product_template_03813,HORNO SOBREMESA 26L BLANCO (4PIZZA),03813,79.0,50.0,product,True,True,True,True,False,True,10,All/Saleable/Electrodomésticos,res_partner_cecotec,tag_cecotec,Electrodomésticos/CECOTEC,Electrodomésticos,account_tax_sale_21,account_tax_purchase_21,Producto HORNO SOBREMESA 26L BLANCO (4PIZZA) para venta,Producto HORNO SOBREMESA 26L BLANCO (4PIZZA) para compra
product_template_03814,HORNO SOBREMESA 30L BLANCO,03814,89.0,52.02,product,True,True,True,True,False,True,10,All/Saleable/Electrodomésticos,res_partner_cecotec,tag_cecotec,Electrodomésticos/CECOTEC,Electrodomésticos,account_tax_sale_21,account_tax_purchase_21,Producto HORNO SOBREMESA 30L BLANCO para venta,Producto HORNO SOBREMESA 30L BLANCO para compra
product_template_03069,PLACA DE INDUCCIÓN PORTATIL FULL RYSTAL ONYX,03069,49.0,27.42,product,True,True,True,True,False,True,10,All/Saleable/Electrodomésticos,res_partner_cecotec,tag_cecotec,Electrodomésticos/CECOTEC,Electrodomésticos,account_tax_sale_21,account_tax_purchase_21,Producto PLACA DE INDUCCIÓN PORTATIL FULL RYSTAL ONYX para venta,Producto PLACA DE INDUCCIÓN PORTATIL FULL RYSTAL ONYX para compra
product_template_03088,PLANCHA DE ASAR TASTY&GRILL 3000,03088,45.0,28.1,product,True,True,True,True,False,True,10,All/Saleable/Electrodomésticos,res_partner_cecotec,tag_cecotec,Electrodomésticos/CECOTEC,Electrodomésticos,account_tax_sale_21,account_tax_purchase_21,Producto PLANCHA DE ASAR TASTY&GRILL 3000 para venta,Producto PLANCHA DE ASAR TASTY&GRILL 3000 para compra
product_template_05543,PLANCHA VERTICAL (FAST&FURIOUS) 4010 VITAL,05543,29.0,19.69,product,True,True,True,True,False,True,10,All/Saleable/Electrodomésticos,res_partner_cecotec,tag_cecotec,Electrodomésticos/CECOTEC,Electrodomésticos,account_tax_sale_21,account_tax_purchase_21,Producto PLANCHA VERTICAL (FAST&FURIOUS) 4010 VITAL para venta,Producto PLANCHA VERTICAL (FAST&FURIOUS) 4010 VITAL para compra
product_template_01866,CENTRO PLANCHADO VERTICAL,01866,65.0,49.73,product,True,True,True,True,False,True,10,All/Saleable/Electrodomésticos,res_partner_cecotec,tag_cecotec,Electrodomésticos/CECOTEC,Electrodomésticos,account_tax_sale_21,account_tax_purchase_21,Producto CENTRO PLANCHADO VERTICAL para venta,Producto CENTRO PLANCHADO VERTICAL para compra
product_template_01872,PLANCHA ROPA IRONHERO3200 FORCE,01872,35.0,18.8,product,True,True,True,True,False,True,10,All/Saleable/Electrodomésticos,res_partner_cecotec,tag_cecotec,Electrodomésticos/CECOTEC,Electrodomésticos,account_tax_sale_21,account_tax_purchase_21,Producto PLANCHA ROPA IRONHERO3200 FORCE para venta,Producto PLANCHA ROPA IRONHERO3200 FORCE para compra
product_template_05535,CENTRO PLANCHADO-Fast&Furious 8040 Absolute,05535,99.0,66.12,product,True,True,True,True,False,True,10,All/Saleable/Electrodomésticos,res_partner_cecotec,tag_cecotec,Electrodomésticos/CECOTEC,Electrodomésticos,account_tax_sale_21,account_tax_purchase_21,Producto CENTRO PLANCHADO-Fast&Furious 8040 Absolute para venta,Producto CENTRO PLANCHADO-Fast&Furious 8040 Absolute para compra
product_template_03130,SET SARTENES POLKA 18-22-26 (ROSA),03130,39.0,24.26,product,True,True,True,True,False,True,10,All/Saleable/Electrodomésticos,res_partner_cecotec,tag_cecotec,Electrodomésticos/CECOTEC,Electrodomésticos,account_tax_sale_21,account_tax_purchase_21,Producto SET SARTENES POLKA 18-22-26 (ROSA) para venta,Producto SET SARTENES POLKA 18-22-26 (ROSA) para compra
product_template_03130,SET SARTENES POLKA 18-22-26 (AMARILLO),03130,39.0,24.26,product,True,True,True,True,False,True,10,All/Saleable/Electrodomésticos,res_partner_cecotec,tag_cecotec,Electrodomésticos/CECOTEC,Electrodomésticos,account_tax_sale_21,account_tax_purchase_21,Producto SET SARTENES POLKA 18-22-26 (AMARILLO) para venta,Producto SET SARTENES POLKA 18-22-26 (AMARILLO) para compra
product_template_03167,1 SARTEN POLKA 18 (NEGRO MANGO TURQUESA),03167,15.0,8.45,product,True,True,True,True,False,True,10,All/Saleable/Electrodomésticos,res_partner_cecotec,tag_cecotec,Electrodomésticos/CECOTEC,Electrodomésticos,account_tax_sale_21,account_tax_purchase_21,Producto 1 SARTEN POLKA 18 (NEGRO MANGO TURQUESA) para venta,Producto 1 SARTEN POLKA 18 (NEGRO MANGO TURQUESA) para compra
product_template_00664,PLANCHA PELO RITUAL CARE TWERK,00664,45.0,30.85,product,True,True,True,True,False,True,10,All/Saleable/Electrodomésticos,res_partner_cecotec,tag_cecotec,Electrodomésticos/CECOTEC,Electrodomésticos,account_tax_sale_21,account_tax_purchase_21,Producto PLANCHA PELO RITUAL CARE TWERK para venta,Producto PLANCHA PELO RITUAL CARE TWERK para compra
product_template_00267,HERVIDOR DE AGUA ELECTRICO WOODY 200 RETRO NEGRO,00267,45.0,27.52,product,True,True,True,True,False,True,10,All/Saleable/Electrodomésticos,res_partner_cecotec,tag_cecotec,Electrodomésticos/CECOTEC,Electrodomésticos,account_tax_sale_21,account_tax_purchase_21,Producto HERVIDOR DE AGUA ELECTRICO WOODY 200 RETRO NEGRO para venta,Producto HERVIDOR DE AGUA ELECTRICO WOODY 200 RETRO NEGRO para compra
product_template_01485,HERVIDOR THERMOSENSE VINTAGE - BEIGE,01485,45.0,28.89,product,True,True,True,True,False,True,10,All/Saleable/Electrodomésticos,res_partner_cecotec,tag_cecotec,Electrodomésticos/CECOTEC,Electrodomésticos,account_tax_sale_21,account_tax_purchase_21,Producto HERVIDOR THERMOSENSE VINTAGE - BEIGE para venta,Producto HERVIDOR THERMOSENSE VINTAGE - BEIGE para compra
product_template_01483,HERVIDOR THERMOSENSE VINTAGE - VERDE,01483,45.0,28.89,product,True,True,True,True,False,True,10,All/Saleable/Electrodomésticos,res_partner_cecotec,tag_cecotec,Electrodomésticos/CECOTEC,Electrodomésticos,account_tax_sale_21,account_tax_purchase_21,Producto HERVIDOR THERMOSENSE VINTAGE - VERDE para venta,Producto HERVIDOR THERMOSENSE VINTAGE - VERDE para compra
product_template_03179,TOSTADOR 9000 DOBLE NEGRO,03179,29.0,16.27,product,True,True,True,True,False,True,10,All/Saleable/Electrodomésticos,res_partner_cecotec,tag_cecotec,Electrodomésticos/CECOTEC,Electrodomésticos,account_tax_sale_21,account_tax_purchase_21,Producto TOSTADOR 9000 DOBLE NEGRO para venta,Producto TOSTADOR 9000 DOBLE NEGRO para compra
product_template_03105,TOSTADOR 8000 DOBLE RETRO BLUE,03105,40.0,23.98,product,True,True,True,True,False,True,10,All/Saleable/Electrodomésticos,res_partner_cecotec,tag_cecotec,Electrodomésticos/CECOTEC,Electrodomésticos,account_tax_sale_21,account_tax_purchase_21,Producto TOSTADOR 8000 DOBLE RETRO BLUE para venta,Producto TOSTADOR 8000 DOBLE RETRO BLUE para compra
product_template_08210,VENTILADOR ROSA RETRO DESK 400,08210,30.0,17.55,product,True,True,True,True,False,True,10,All/Saleable/Electrodomésticos,res_partner_cecotec,tag_cecotec,Electrodomésticos/CECOTEC,Electrodomésticos,account_tax_sale_21,account_tax_purchase_21,Producto VENTILADOR ROSA RETRO DESK 400 para venta,Producto VENTILADOR ROSA RETRO DESK 400 para compra
product_template_08208,VENTILADOR BEIGE RETRO - 800,08208,39.0,22.83,product,True,True,True,True,False,True,10,All/Saleable/Electrodomésticos,res_partner_cecotec,tag_cecotec,Electrodomésticos/CECOTEC,Electrodomésticos,account_tax_sale_21,account_tax_purchase_21,Producto VENTILADOR BEIGE RETRO - 800 para venta,Producto VENTILADOR BEIGE RETRO - 800 para compra
product_template_02450,PLACA INDUCCIÓN BOLERO SQUAD - 2 FUEGOS,02450,119.0,67.73,product,True,True,True,True,False,True,10,All/Saleable/Electrodomésticos,res_partner_cecotec,tag_cecotec,Electrodomésticos/CECOTEC,Electrodomésticos,account_tax_sale_21,account_tax_purchase_21,Producto PLACA INDUCCIÓN BOLERO SQUAD - 2 FUEGOS para venta,Producto PLACA INDUCCIÓN BOLERO SQUAD - 2 FUEGOS para compra
product_template_A01_EU01_100188,PLACA GAS 43 FUEGOS INOX - 60CM,A01_EU01_100188,139.0,91.9,product,True,True,True,True,False,True,10,All/Saleable/Electrodomésticos,res_partner_cecotec,tag_cecotec,Electrodomésticos/CECOTEC,Electrodomésticos,account_tax_sale_21,account_tax_purchase_21,Producto PLACA GAS 43 FUEGOS INOX - 60CM para venta,Producto PLACA GAS 43 FUEGOS INOX - 60CM para compra
product_template_04181,JARRA PURIFICADORA AGUA H2ONATURE 2400,04181,25.0,15.15,product,True,True,True,True,False,True,10,All/Saleable/Electrodomésticos,res_partner_cecotec,tag_cecotec,Electrodomésticos/CECOTEC,Electrodomésticos,account_tax_sale_21,account_tax_purchase_21,Producto JARRA PURIFICADORA AGUA H2ONATURE 2400 para venta,Producto JARRA PURIFICADORA AGUA H2ONATURE 2400 para compra
product_template_02310,SACACORCHOS ELÉCTRICO INSTANTCORK 1000,02310,29.0,16.27,product,True,True,True,True,False,True,10,All/Saleable/Electrodomésticos,res_partner_cecotec,tag_cecotec,Electrodomésticos/CECOTEC,Electrodomésticos,account_tax_sale_21,account_tax_purchase_21,Producto SACACORCHOS ELÉCTRICO INSTANTCORK 1000 para venta,Producto SACACORCHOS ELÉCTRICO INSTANTCORK 1000 para compra
product_template_04109,HERVIDOR VAPOVITA 3000 INOX - VAPORERA,04109,35.0,19.29,product,True,True,True,True,False,True,10,All/Saleable/Electrodomésticos,res_partner_cecotec,tag_cecotec,Electrodomésticos/CECOTEC,Electrodomésticos,account_tax_sale_21,account_tax_purchase_21,Producto HERVIDOR VAPOVITA 3000 INOX - VAPORERA para venta,Producto HERVIDOR VAPOVITA 3000 INOX - VAPORERA para compra
product_template_02307,CORTAFIAMBRES ROCK´CUT TWIN,02307,85.0,51.55,product,True,True,True,True,False,True,10,All/Saleable/Electrodomésticos,res_partner_cecotec,tag_cecotec,Electrodomésticos/CECOTEC,Electrodomésticos,account_tax_sale_21,account_tax_purchase_21,Producto CORTAFIAMBRES ROCK´CUT TWIN para venta,Producto CORTAFIAMBRES ROCK´CUT TWIN para compra
product_template_03260,ACEITERA SPRAY POLKA,03260,8.0,3.82,product,True,True,True,True,False,True,10,All/Saleable/Electrodomésticos,res_partner_cecotec,tag_cecotec,Electrodomésticos/CECOTEC,Electrodomésticos,account_tax_sale_21,account_tax_purchase_21,Producto ACEITERA SPRAY POLKA para venta,Producto ACEITERA SPRAY POLKA para compra
product_template_02229,PANIFICADORA,02229,89.0,55.12,product,True,True,True,True,False,True,10,All/Saleable/Electrodomésticos,res_partner_cecotec,tag_cecotec,Electrodomésticos/CECOTEC,Electrodomésticos,account_tax_sale_21,account_tax_purchase_21,Producto PANIFICADORA para venta,Producto PANIFICADORA para compra
product_template_01180,UTENSILIOS COCINA AMARILLO,01180,25.0,16.67,product,True,True,True,True,False,True,10,All/Saleable/Electrodomésticos,res_partner_cecotec,tag_cecotec,Electrodomésticos/CECOTEC,Electrodomésticos,account_tax_sale_21,account_tax_purchase_21,Producto UTENSILIOS COCINA AMARILLO para venta,Producto UTENSILIOS COCINA AMARILLO para compra
product_template_01181,UTENSILIOS COCINA ROSA,01181,25.0,16.21,product,True,True,True,True,False,True,10,All/Saleable/Electrodomésticos,res_partner_cecotec,tag_cecotec,Electrodomésticos/CECOTEC,Electrodomésticos,account_tax_sale_21,account_tax_purchase_21,Producto UTENSILIOS COCINA ROSA para venta,Producto UTENSILIOS COCINA ROSA para compra
product_template_01024,SET CUCHILLOS 6 SWISS NEGRO,01024,20.0,9.98,product,True,True,True,True,False,True,10,All/Saleable/Electrodomésticos,res_partner_cecotec,tag_cecotec,Electrodomésticos/CECOTEC,Electrodomésticos,account_tax_sale_21,account_tax_purchase_21,Producto SET CUCHILLOS 6 SWISS NEGRO para venta,Producto SET CUCHILLOS 6 SWISS NEGRO para compra
product_template_01012,SET CUCHILLOS 7 TITANIUM,01012,15.0,9.98,product,True,True,True,True,False,True,10,All/Saleable/Electrodomésticos,res_partner_cecotec,tag_cecotec,Electrodomésticos/CECOTEC,Electrodomésticos,account_tax_sale_21,account_tax_purchase_21,Producto SET CUCHILLOS 7 TITANIUM para venta,Producto SET CUCHILLOS 7 TITANIUM para compra
product_template_00644,VAPORETA MANUAL VENTANAS,00644,55.0,34.97,product,True,True,True,True,False,True,10,All/Saleable/Electrodomésticos,res_partner_cecotec,tag_cecotec,Electrodomésticos/CECOTEC,Electrodomésticos,account_tax_sale_21,account_tax_purchase_21,Producto VAPORETA MANUAL VENTANAS para venta,Producto VAPORETA MANUAL VENTANAS para compra
